2.321890300215621e-9	7.138777112531075e-8	8.537122755837355e-7	3.8008679081781284e-6	7.001536943882415e-6	6.205743761169146e-6	2.7065747497792587e-6	6.378559813422673e-7	8.914132250845203e-8	8.594983510533602e-9	6.934432861166426e-10	4.552019229509357e-11	1.503878363794013e-12	2.0094188929795986e-14	1.7264979560667705e-16	1.910683558563047e-18	2.8460938772606755e-20	1.718627340285726e-22	1.4971434753403606e-25	3.1221048896180417e-29	6.022310674314497e-33	2.9887267666410502e-36	2.0946102952043882e-39	4.397115366842677e-43	3.779698435165317e-48	5.0885149341442813e-54	1.085249157265845e-59	2.4801057667478336e-65	9.457686027080774e-63	1.2462703017079505e-78	9.575260143133546e-86	2.7341380705293184e-91	2.253020654505551e-83	1.2187061752652923e-74	1.9019914666465563e-87	5.318260725117442e-132	9.8797677243003e-97	4.807685328906804e-99	1.018562962905853e-79	1.1286147849802952e-93	1.8521246977578107e-151	3.485309829550877e-98	3.5801667226354865e-107	1.456877116162482e-85	4.960233410809099e-101	7.550343932966228e-165	2.2320876210380266e-101	3.416314546863887e-113	5.878465712375235e-88	1.577321208865015e-100	2.2165621209822695e-150
2.5732284074997614e-9	1.5649741363388038e-7	3.6585272464219306e-6	2.9070354881558257e-5	8.377120680970672e-5	0.00010038422992144268	5.17370423296404e-5	1.2799310484715787e-5	1.875087748924356e-6	2.0818535117140216e-7	2.216019967324882e-8	2.140885504878848e-9	1.0732789717741931e-10	2.108666445564885e-12	2.39370809381003e-14	2.849294981235587e-16	3.975540261603439e-18	2.5567850345591002e-20	2.567334893319023e-23	4.752019290762953e-27	5.135186972134318e-31	1.0286996591474473e-34	3.921312163375977e-38	1.2378932701584104e-41	4.357479857505674e-46	6.895523619818466e-52	4.976151491689044e-58	3.9228965870558953e-64	2.4797325149433612e-70	3.236671817795296e-77	1.7961951435466441e-84	3.798763921606752e-91	4.355280747289439e-86	4.974392392382328e-74	6.09012621218483e-85	1.7241529646615688e-130	2.136193947654556e-109	1.1085840440486955e-100	1.4680521011841368e-79	9.878998507919874e-94	9.525368603666446e-146	2.132517968243428e-121	1.286312179523762e-109	1.7386068004151353e-84	1.969505165114743e-98	4.641226225905158e-130	8.598906226976712e-160	2.1493550743952867e-116	5.817135855637919e-89	3.677283573645461e-100	4.014487099811236e-130
1.7498844350751191e-9	1.7340050628385703e-7	7.3248552473056755e-6	0.0001070765622734231	0.0005327783550717506	0.000978531564647589	0.000675375230282093	0.000198472606550328	3.103097654175891e-5	3.683237411999759e-6	4.4926219659783454e-7	5.64202615232563e-8	4.188291579801587e-9	1.2307426015787582e-10	1.9454086763247418e-12	2.89310422949459e-14	4.1660548033494837e-16	2.41591359046786e-18	2.6252545655964574e-21	5.6436399862634e-25	5.838985031455822e-29	7.311693148519356e-33	1.1215956932398246e-36	1.8144103538693533e-40	1.1643418073501982e-44	7.342340014521262e-50	7.381929116084476e-56	2.116575267494622e-62	4.883457204247065e-69	6.848240803824144e-76	6.756341048625616e-83	1.5860623441918453e-82	9.633284839690717e-93	1.1200692498672746e-79	1.2087593076949659e-86	5.691023076058426e-129	9.13801092203588e-99	3.710497153133697e-111	3.882019347044244e-83	1.08250608007508e-94	9.822028041359645e-141	5.848386890724571e-102	7.742076698824505e-127	9.594183349262582e-89	5.514352606679456e-99	8.09391871072466e-129	2.7065971449234897e-106	1.3195619871977376e-148	5.623957137134103e-97	1.3401170672422292e-101	3.013257378019196e-129
6.850002686470651e-10	9.887884035617083e-8	6.458676373151262e-6	0.00016336603226929563	0.0014684639599800498	0.004618314437924683	0.0049105854762991254	0.0019867845238438174	0.0003842491594442229	5.0470759792228194e-5	6.609248554013586e-6	9.370209583337787e-7	9.10440915005677e-8	3.9679533510373634e-9	9.034044818849326e-11	1.7720800669165654e-12	3.101211694341908e-14	1.8021680885516525e-16	1.7905728130240868e-19	4.348024045316582e-23	5.3951355519016876e-27	6.995897114543796e-31	6.642524716574493e-35	3.686048205276094e-39	1.159542633562623e-43	1.368541250332318e-48	4.856175287151792e-54	2.3495485432557582e-60	2.3688331445244388e-67	1.5231336426818481e-74	1.288787346696206e-81	5.817526642816379e-80	2.0655119069581273e-84	1.1695227951144818e-89	7.43137182812838e-118	8.073517502033314e-128	7.69704948243591e-98	2.221383561288547e-102	4.761120025942441e-93	8.982672400154587e-98	2.0994626402080594e-139	2.9634412900063786e-100	1.8299518389832709e-109	4.073847401176921e-107	1.369355348559208e-103	3.3127898950851147e-139	8.491444460181386e-103	1.2832445175045434e-121	1.9884023633555725e-128	6.682201792291208e-107	1.1904189533849894e-133
1.7627933683840963e-10	3.2637863596045435e-8	3.080819175020194e-6	0.00012085209549121273	0.0018942089684845195	0.010849498357736475	0.020122362541473846	0.013030208641015199	0.0036366133776778832	0.0006110178480699085	8.932330549979911e-5	1.359312500311648e-5	1.5236007866470415e-6	8.808715946529833e-8	2.843264183874481e-9	7.4387734031676e-11	1.6513407121892254e-12	1.1444408864200013e-14	1.1070214209239076e-17	2.491175512528445e-21	3.4574593917531736e-25	5.529147854899437e-29	5.548923382811366e-33	1.7201925264752826e-37	1.7970113358731304e-42	1.3155432070876728e-47	7.450350212236876e-53	1.1427507429409877e-58	2.132816878401925e-65	7.240776100902988e-73	2.877364389584689e-80	2.0933433767033346e-80	8.866372142405737e-81	4.805855794633474e-77	9.752222402600857e-117	1.110682078803703e-126	1.1943612223714467e-96	3.377352912534941e-98	2.0888027884848884e-81	7.619365814064346e-107	3.8921190451146416e-140	5.866398576993288e-98	9.318897088842551e-106	4.101511025134061e-85	1.0870115062630168e-117	4.2869864833374653e-129	5.533571589632363e-100	1.4365344566032863e-113	1.2394443926725138e-95	1.2175659727403572e-135	2.2655837520568446e-129
3.858415274459019e-11	7.019540836737808e-9	8.626077357082539e-7	5.037085379865075e-5	0.0012569190368671075	0.012730728202964222	0.04420020231520836	0.05220661906630603	0.024321798918998504	0.0059898583607305616	0.001108585493479103	0.00018702487069619254	2.267128464837724e-5	1.5151225082125358e-6	6.143174211868151e-8	2.0736632191626557e-9	5.837401789519285e-11	5.05119572121119e-13	5.54589362399145e-16	1.1805687060475232e-19	1.5354000054841295e-23	2.8329856688694792e-27	3.751740324207176e-31	1.2327034950549932e-35	6.811494112030121e-41	1.8538432713373256e-46	6.90948649390643e-52	1.7213295542754263e-57	1.0162600402651586e-63	6.1509399528240675e-71	1.4116679161315455e-78	8.491052904375244e-86	6.85073812154273e-80	1.6137040412174066e-71	5.97487898868299e-115	2.910780742465452e-125	1.854586737803156e-96	2.642517712472001e-96	4.8883566030868875e-77	7.46198197067834e-92	1.7860007354848746e-138	9.712276910579001e-98	1.9223391685016913e-104	4.611826382860662e-82	7.093890098297352e-95	1.2951394910902971e-143	6.103507819164875e-98	3.418895338446468e-111	3.994948819377965e-87	1.4443398645209055e-102	1.2472096855479662e-167
8.472342617727044e-12	1.0728550798570642e-9	1.285447719438597e-7	9.994296843089046e-6	0.00038063847812089935	0.006260875975369714	0.03943841760337004	0.09119896938306811	0.08069262952227313	0.033536312329998395	0.008960402296616005	0.001864734316287199	0.00024147279606437242	1.6656180728823476e-5	7.220038169825116e-7	2.7652305236499308e-8	9.31883784884843e-10	9.732729508091694e-12	1.2905278365042934e-14	3.12137783283507e-18	4.108046303982462e-22	7.69553412772002e-26	1.2826990938744978e-29	6.149994799970068e-34	3.5466589464319756e-39	5.1981603479926075e-45	7.406531202394425e-51	1.1980746129057587e-56	1.138405248419523e-62	2.007464098092317e-69	8.470802157971197e-77	3.039970127707802e-84	1.0796249535288784e-83	9.080207670841201e-71	3.9457723776310723e-113	1.1426383952917232e-123	1.4690495551711767e-107	3.1048259177203364e-97	3.0325791620615066e-76	3.929667784447588e-90	2.2406642343214783e-135	3.1889219303219446e-108	7.630084377885456e-104	9.087831370928562e-81	1.3367724556637226e-93	2.6646291007678453e-138	1.6982632280832306e-116	4.309019438639676e-111	3.1795562019637424e-85	2.0910456578968576e-97	5.811313662557709e-129
1.5800120508932725e-12	1.3896637556573335e-10	1.1237375153579285e-8	8.57634308670445e-7	4.4644302879963746e-5	0.0011606186336502473	0.012381669803018152	0.05445498482885192	0.09811962812751146	0.07831258583286073	0.035070439619708925	0.010345784674677122	0.0015585144160684809	0.00010604712254891405	4.323668030499472e-6	1.6172703283037383e-7	5.930020286160166e-9	7.254974746233651e-11	1.1383776384243703e-13	3.3212351808787555e-17	5.1892751622370085e-21	1.0861151449689422e-24	2.002291697473297e-28	1.3535718231828216e-32	1.1753671607277787e-37	1.7438480570516863e-43	1.3406149139486065e-49	7.592670887244949e-56	4.143614445594615e-62	1.0498021662494567e-68	1.1846531213566142e-75	1.3077274753743935e-82	2.4804214458451794e-90	3.170140438029089e-77	7.840549792567007e-112	2.1383091597190442e-122	1.0686153818438595e-95	1.0200347751293257e-108	2.1284518854074524e-83	3.056478857551894e-93	5.36480764236968e-133	2.5755149734315943e-100	2.6895812746189177e-112	7.771939883020805e-85	2.9370205227796096e-96	3.2387604671624906e-134	1.1917944981771995e-101	7.796580165704888e-127	3.6674645771985547e-90	1.5677277006768685e-98	1.7547580771903484e-129
1.556104448867738e-13	1.2680617268953336e-11	7.051398083309423e-10	3.622878919750764e-8	1.8935817763901249e-6	7.001989821302762e-5	0.001237771565318646	0.00966481026961731	0.0343014117118005	0.056503857971383055	0.04868251603533937	0.023904388008561112	0.0048078543684967525	0.00034626721749800516	1.2660142892198844e-5	4.1236154324520207e-7	1.4481063717519986e-8	2.0052142161879733e-10	3.747094646986309e-13	1.2856373638303457e-16	2.4231183210911994e-20	6.367340165191514e-24	1.4355222702654702e-27	1.1627243914810865e-31	1.4828184595887404e-36	3.206215300141283e-42	2.5707302857273967e-48	7.186448211072696e-55	1.1109396966363384e-61	1.2841029766648584e-68	1.5613167744246677e-75	4.404911929663851e-80	1.8267711139436928e-82	2.4173628406426873e-87	2.626777388162759e-111	6.711744116136245e-122	6.040035561111927e-96	1.2934805944900856e-99	1.2359783122860997e-92	3.1933623303292484e-98	6.158759326230134e-133	5.858034409807536e-99	3.2793232750914376e-107	3.314104780238682e-96	4.951036707922756e-100	2.0543879418656994e-133	1.1357880086595477e-101	1.4888794630629909e-114	1.445517652836821e-108	8.976216941198485e-102	4.963142187833305e-129
4.073689698269445e-15	4.55665561965874e-13	2.4890821804882618e-11	9.194673237563341e-10	3.3446059464385366e-8	1.2796636499465495e-6	3.3018815779688865e-5	0.0004372849950969707	0.0028076455687170983	0.00919708336075753	0.01646496748776301	0.015422294654124634	0.00486870818094792	0.000429924490623412	1.5561946406015062e-5	4.3638245472522956e-7	1.3206662359656931e-8	1.8438391455028398e-10	4.2059650378945115e-13	1.73104239348447e-16	3.709527171817688e-20	1.134956730114768e-23	3.2198249944992787e-27	3.2600251176398075e-31	4.884996441007674e-36	1.4763670949639694e-41	1.835991257607522e-47	5.52760249257705e-54	3.454192781776393e-61	8.159917091009473e-69	3.009655533491535e-76	4.99443141373178e-83	5.364369924459865e-81	1.2342476129634699e-73	8.080582653471373e-112	2.100277565500997e-122	8.945488697064629e-98	2.364831219544249e-97	4.988463422250207e-80	2.347809805796422e-104	4.177145039857118e-136	6.26494589575223e-100	2.3919162319038154e-105	3.499867100508137e-86	8.55189065461786e-109	2.4604502164986287e-135	2.8067211078205938e-101	7.125947005940775e-112	3.6094248264997166e-90	4.473335772830976e-119	6.856921023045839e-131
3.4577428349694216e-17	5.774842749907492e-15	4.587546766093187e-13	1.7370046626440213e-11	4.738429478492729e-10	1.3166056039855817e-8	3.6027329350830025e-7	6.9882216825151e-6	7.562957420040809e-5	0.00044482922459339487	0.0015841118104691504	0.003028241729566478	0.0017225155328720264	0.00022136625305337792	9.309768952541068e-6	2.6229793320067765e-7	7.267210816660367e-9	9.764590548934143e-11	2.541979927638999e-13	1.243539644949339e-16	2.9201717728894114e-20	9.387764915128859e-24	2.9867782739640072e-27	3.9244464344169124e-31	7.495304329553342e-36	2.5668546216402927e-41	4.708312483329398e-47	2.6799811374698546e-53	1.7579928416713206e-60	1.0866129208132122e-68	7.185812020671821e-77	2.1783273779066093e-84	2.0232677507204258e-85	7.113195245855106e-78	6.458220638722457e-113	3.218505031585724e-123	8.70066432051501e-95	4.411086962395968e-101	4.150578119675983e-83	5.0301484740324744e-98	4.1553278013757423e-137	3.080465302013693e-99	3.840094629691046e-111	2.2890063723115033e-89	1.8865155483126987e-102	6.6095455695427756e-136	5.299752866685705e-100	5.4414742339198605e-115	5.532724218635181e-91	2.746447900347338e-101	1.1719627834046323e-143
1.796591168000986e-19	3.5388796815269574e-17	4.4250995730214865e-15	2.4908169432888305e-13	7.020507048895766e-12	1.5122689267961642e-10	3.106992185873457e-9	6.524159316479493e-8	1.0336968809232564e-6	1.0039963374227024e-5	6.328693060386517e-5	0.00023353921691334466	0.0002601104353033678	5.693254777587778e-5	3.2264048354945804e-6	1.0460810731253015e-7	3.1318484285087997e-9	4.179007708073127e-11	1.141078864106279e-13	6.169238250395377e-17	1.6011772767133642e-20	5.590929050915802e-24	1.8457353311800447e-27	2.7236348214125873e-31	6.711929776207105e-36	3.07578700278496e-41	8.787285056696308e-47	1.3026184121604412e-52	1.298353300843561e-56	7.88376566625578e-68	1.2043344262682655e-76	1.0575025710814726e-84	1.487225388923317e-84	4.7066765474381157e-73	3.459237831502334e-83	9.690834595306239e-124	2.2502091085998015e-108	2.7338820860915265e-99	1.964210504102379e-79	1.9341970668527563e-92	1.7435463482668559e-134	1.1939365718165758e-113	4.0980027241705445e-109	2.2229734940726934e-84	1.9833338467917237e-95	7.529914105759632e-135	3.439794945278876e-111	9.246089291542067e-112	1.9733137640371487e-86	1.4611291321533123e-97	4.2901187946872245e-130
2.7587130669711537e-22	7.05713329764677e-20	1.062542418466032e-17	9.634833836883598e-16	4.175364472820203e-14	1.0052579212207728e-12	1.7057731539738325e-11	2.7503545605191073e-10	4.6440905443746615e-9	6.346697355210169e-8	6.441232220291498e-7	4.129118294775954e-6	8.59996028516569e-6	3.617770442317993e-6	3.288840368590345e-7	1.400100047070992e-8	4.92379571329526e-10	6.726400858319258e-12	1.76629030291902e-14	1.0050957009399166e-17	2.9224123461676555e-21	1.1981073587376431e-24	4.203899695317878e-28	5.4741437407253e-32	1.2764478912677383e-36	7.684985078887162e-42	4.583395285736857e-47	1.754285517606049e-52	3.3342514063569254e-56	7.841809172997997e-67	4.079535834975686e-76	3.955642230730458e-84	1.1952517119729729e-91	5.859793937535921e-75	5.782820682877277e-84	1.3204059391170662e-124	5.131505975621743e-98	1.5244437902498969e-105	3.1379944883080455e-81	1.8405405361719602e-92	6.4179266148573596e-133	1.273586576970406e-100	7.797480617060922e-117	6.771622820111413e-88	2.8257699174239e-96	7.537379610564243e-134	4.578939829014127e-103	6.524480899348128e-120	5.792874060182568e-90	1.5965953923455564e-99	5.777360805953103e-129
8.198561895928879e-26	3.4151208765700114e-23	6.752321613983446e-21	7.410813492766545e-19	5.0346236777721464e-17	1.879744144043165e-15	3.723054389328505e-14	5.072427196528286e-13	6.4274143387233376e-12	8.785037032774151e-11	1.186445414321919e-9	1.1982690649091873e-8	4.2639712676226236e-8	3.30289264261067e-8	5.6137694127749e-9	3.8267560720070754e-10	1.7908454681577682e-11	2.683972550037693e-13	6.93200378551046e-16	3.9352316848960857e-19	1.1785725989015846e-22	4.952406001055441e-26	1.8436642073337083e-29	2.124554759893666e-33	3.5490250435752715e-38	1.8636796024581078e-43	1.6295209306742206e-48	1.9132608434449e-53	2.030717979338554e-57	4.6629219329691086e-67	7.347371098210907e-77	4.436883071568801e-82	2.137266832839508e-85	5.0357191294409e-85	4.928976736801353e-89	8.679116817786258e-127	4.659800800730709e-99	8.15182559060993e-98	3.463004684315349e-93	2.1906071954525042e-99	2.6494097251877854e-135	5.330732420580763e-102	1.977261960450025e-107	3.5700686859623967e-98	1.4679948702201527e-102	1.8699483441492364e-134	2.0477775531353241e-103	5.49257433885469e-114	1.8996272366538143e-101	8.268947672055318e-105	3.4614725980017217e-129
1.6764535608555165e-29	8.712398836296317e-27	2.5922344835496774e-24	3.6162451155647483e-22	2.8504662700224045e-20	1.508654727752938e-18	4.188355372529569e-17	6.18958397961493e-16	6.263626480381828e-15	6.211517595025846e-14	8.039940785151238e-13	1.0294632769076759e-11	5.6313748032957276e-11	7.572626015337832e-11	2.655745063216772e-11	3.77532242682357e-12	3.001367948818099e-13	6.0379199842787824e-15	1.7425833984424105e-17	9.890339831109015e-21	2.6550319919561907e-24	8.742494967144216e-28	2.500572606815948e-31	2.5152051933584996e-35	3.5154996830337504e-40	1.2375405303979618e-45	5.954403213852313e-51	3.208120014266984e-56	6.174777233148358e-59	1.1741497211808422e-70	1.7021141334760974e-79	1.410087259795163e-82	8.58715063639719e-83	6.735276477239176e-76	4.0198987781450033e-94	5.607016379765771e-130	8.477006877607631e-98	1.18082660076264e-96	1.3473541407542089e-77	2.409635179919241e-103	1.9228708156373063e-142	2.314626182994063e-100	7.501856295307668e-104	1.0462485089569735e-82	1.8907429834966152e-106	7.36286556378118e-142	2.2371510404206102e-101	3.968462454943123e-111	4.93125248204709e-89	3.0734583334372146e-110	4.119717330888121e-131
1.9427200263721256e-32	7.399063524566062e-30	2.7487082872719177e-27	5.363662643915004e-25	4.8158956510890666e-23	2.6612681373454224e-21	9.250107428820945e-20	1.663874219917646e-18	1.600873973758477e-17	1.18254066887137e-16	1.1501426156182785e-15	1.5062726081921393e-14	1.143423230060493e-13	2.649531608617558e-13	1.979292650146264e-13	7.834235652089828e-14	1.6070297698800027e-14	5.813107060664567e-16	2.016049551341166e-18	1.0318189041208316e-21	2.2599722982851116e-25	5.692089640971204e-29	1.2016483580849573e-32	1.01479667880487e-36	1.5530278811325288e-41	5.836219244955136e-47	2.0313871531493754e-52	5.1597188126338616e-58	3.5220977462522695e-64	1.7255940369417474e-72	3.721798931496937e-81	1.0221255167973298e-88	9.940288266194117e-91	1.0325671534389573e-83	1.2734002318246626e-121	4.9316966122436205e-132	2.7949891575833553e-99	2.3806437192235543e-108	1.6762306671668026e-90	4.043790139047509e-104	1.0721030742901173e-146	6.578893714454732e-101	1.1747208610563119e-114	3.222456195648718e-93	1.680763533844169e-107	9.775620582626838e-146	7.915592131544577e-102	2.3554935451545135e-121	5.13612536843078e-97	2.2416406854275475e-106	5.854278674262476e-129
6.009990947905889e-34	1.0201554948045076e-31	2.9461510416040265e-29	8.172035959334714e-27	9.84129833903821e-25	5.511383833702163e-23	1.8260610674282475e-21	3.9981032850691993e-20	4.3225264247844424e-19	2.6696861904553313e-18	1.9253257673701046e-17	2.0716275509422487e-16	1.845285966237297e-15	7.23577676162933e-15	1.2596505824875874e-14	1.9136606239063215e-14	2.2286874577030882e-14	2.298621230211521e-15	8.971114180842037e-18	2.895630759623698e-21	3.984524181082599e-25	8.949548320448651e-29	2.0208915700740128e-32	2.2108336486666793e-36	4.945286791864809e-41	3.7378945526434024e-46	5.042680726826952e-51	5.203535197225083e-56	5.331721297774281e-60	4.115204264516844e-70	6.899844091475261e-79	9.557360005581766e-82	8.3438248937811645e-81	3.091402652826396e-73	3.723262130951621e-85	2.610772702452904e-131	1.217129693616451e-104	1.375145891819037e-100	3.687270517936922e-83	4.700492312751292e-96	1.6910438059974215e-141	3.5498552781238874e-112	2.7037121459108622e-108	2.1326366256254132e-85	7.812763556852226e-99	3.6125598749818396e-137	1.6856436227128735e-112	9.601279649669941e-116	5.755164586793252e-91	1.2180837793553336e-100	1.4506506174316877e-130
3.352881128939303e-34	2.0516233061630033e-32	1.5414448726248172e-30	2.864460518990603e-28	5.512778852593827e-26	4.422276586954881e-24	1.326230477937296e-22	2.491342011188249e-21	3.3774132907093443e-20	2.368946868862135e-19	1.5756264566894092e-18	1.2399938741382008e-17	6.797274440772083e-17	2.84281611127602e-16	1.0583977783342468e-15	7.853889996274374e-15	1.0085851025954516e-13	5.0759829662078773e-14	2.86197025850988e-16	6.337228000680688e-20	5.5404629821234824e-24	1.4589972006854408e-27	5.3123167927735515e-31	9.220691075183849e-35	2.6400561491593964e-39	3.4719344694023016e-44	3.9529554026888015e-48	3.247063068625411e-52	1.4661497025975134e-56	2.136341877206675e-66	1.759602683737148e-75	5.648905592114008e-80	1.7890288298790123e-81	1.3287129098109814e-71	1.779114027200673e-83	6.048163470616094e-128	1.7439496164188626e-100	1.695653574407795e-106	4.4366183306567974e-80	3.2093772026000035e-93	6.7752711560446675e-136	5.580177955200486e-100	1.2419094150910359e-115	5.05347960178852e-85	1.2131285102834018e-96	1.91079970371296e-133	2.301474141036026e-103	1.096204070071635e-121	7.700204940835182e-90	8.992097075449459e-99	2.0490126619768895e-129
2.3881315462585646e-35	2.8841556121820037e-33	7.510469938155248e-32	2.290117566387392e-30	2.242806487532895e-28	3.267198952401414e-26	1.707260488274273e-24	2.917223721808301e-23	2.9726524512262095e-22	2.711892987464431e-21	2.7480063611427586e-20	2.545665505541473e-19	8.597601551610129e-19	1.6695788866074306e-18	5.986404352219598e-18	9.779612175615814e-17	6.332948863010865e-15	2.5533756064767934e-14	4.587964761278526e-16	1.5765805468019889e-19	1.7152775497763144e-23	7.307223556887079e-27	4.6109124719952525e-30	8.380748362522955e-34	1.3946449120120008e-38	1.2439316026305547e-43	1.4251978293341824e-47	4.304111200223976e-51	8.582216525876063e-55	2.5412512421525918e-65	8.285307500916211e-75	2.5552038081167416e-79	4.053530590956301e-80	2.4734616868135655e-73	4.863282484798015e-83	3.0564930023983045e-126	1.3865293373167272e-98	2.3372443856343264e-102	2.06978580493906e-90	4.847026549466876e-96	1.3460735573476936e-135	3.1540948020343836e-101	3.0328910542482075e-107	1.000302383354792e-98	1.7611716762542792e-100	1.7697274261781194e-134	3.679302815501072e-104	1.055423428077088e-114	1.7679367816428772e-100	1.1495169089659084e-102	9.914853228257239e-130
6.687140910614846e-38	7.299088726491939e-36	4.036746101611222e-34	6.130256324572662e-33	1.171370600411341e-31	8.099007143731636e-30	7.048960193977363e-28	2.1759856406889793e-26	2.1287085211299433e-25	1.5156142285464686e-24	2.092950496026077e-23	3.3232883941150475e-22	1.407787924086275e-21	1.6407196930169142e-21	2.4566145016592235e-21	2.6063447162537077e-20	2.0479634715098326e-18	3.31296744376645e-17	4.158985525925503e-18	6.4337682345092304e-21	2.0485705629832728e-24	1.9138804421305216e-27	1.9647465320870796e-30	4.327415437997485e-34	6.226001593639402e-39	2.9953514459014134e-44	9.948890841722451e-49	7.668956347620425e-53	7.281243834071064e-57	7.724925651411542e-67	3.5209025509111754e-76	9.99595051779715e-82	4.269579556756506e-81	3.5941471263301636e-72	4.751815079933305e-85	1.2186098052949053e-126	6.549386843478187e-97	4.825532594582742e-100	2.678532770154972e-82	2.5981270274993555e-101	7.883910212093588e-141	8.55526352455341e-100	1.5092581610543332e-106	3.3201176037921316e-86	2.471111689871426e-107	3.1914702447136642e-130	7.380649768612842e-102	5.909767045977269e-113	4.3281086429237106e-89	6.8006146488385875e-109	2.4061039487243946e-133
2.847344214634419e-40	5.1635943348810406e-39	2.6520708045853236e-37	6.443804224818557e-36	6.322845129889643e-35	9.931697342191283e-34	4.306994651817266e-32	2.0803995124133117e-30	3.4707697975450163e-29	2.38982777950312e-28	2.5165843801392134e-27	5.280994558496663e-26	3.9185808497091075e-25	5.167541134370357e-25	4.100284907604275e-25	1.4001166809669163e-24	4.617327624052179e-23	1.0314699313561885e-21	5.784532751232147e-22	6.873154273173401e-24	1.678061297302696e-26	7.750215827615667e-29	2.283659264158889e-31	8.806040162068672e-35	1.7937371926098e-39	8.841417581079003e-45	1.1470891492641453e-49	1.5474786713469616e-54	2.8046852659366175e-60	7.86225970483108e-69	9.468784372510718e-78	2.6304738482502245e-84	7.623036412435844e-88	3.910734291811658e-81	2.608628274025547e-91	1.2129409194380833e-127	3.1368418375121086e-104	1.3689618975049812e-108	2.4163369714276447e-89	9.885615502497451e-103	8.279766362587287e-146	3.9324073911742283e-107	5.141609025549473e-116	1.475744174653866e-94	1.3529648338128988e-106	1.5500633745857507e-148	7.343751215002879e-107	4.4746043307974845e-123	3.5161861511552326e-99	9.078398706195793e-110	8.944180428231743e-153
1.4134332086234357e-41	2.365959298698231e-41	2.0495375171220956e-40	5.017879529926507e-39	6.153716822263482e-38	4.473947214184502e-37	4.7443891251453415e-36	1.3686253209696078e-34	3.950724804672521e-33	4.2021233670412276e-32	3.8455082653529646e-31	5.9230422684823804e-30	6.162162773649975e-29	1.25477727841036e-28	8.705360623370977e-29	1.3621749422351527e-28	1.347572697082472e-27	2.1816145500614306e-26	3.040877379179976e-26	1.5957949106115855e-27	2.901575948419013e-29	1.9667407542450175e-30	6.269674502729332e-32	1.0654557997151411e-34	3.052097754201575e-39	1.5010685540219405e-44	2.2382752946519886e-49	1.970358948909713e-54	2.3482221466058857e-60	2.6920808277649973e-69	2.075454296803977e-78	6.023352632626074e-85	3.186481447599152e-85	2.0387533362218558e-76	2.9432000649940804e-86	3.512478409467864e-128	1.1635305628644192e-93	3.98696666232066e-99	5.590476352034299e-81	2.1060655598503795e-94	2.005024348409325e-145	4.5024067759392415e-106	2.67125285411151e-107	2.281553584875698e-85	1.200868552245373e-98	2.3760470481666067e-129	1.6219423737722495e-108	1.9502770580547906e-114	7.557296907854564e-91	1.9477899271235302e-101	2.0860126989183867e-129
4.407055680320409e-42	2.376209701257268e-42	5.218019668825885e-43	1.5226458532134477e-42	2.1121544712128047e-41	2.3149797353926976e-40	1.2164237218801966e-39	8.710248605526629e-39	1.7780530054031183e-37	3.820385577169396e-36	5.615515966006069e-35	6.704491987009962e-34	3.8410001811116964e-33	9.560066737022867e-33	9.072103621595212e-33	1.3279496482930634e-32	6.337029597569555e-32	2.8806166736311586e-31	4.097543040814875e-31	5.331603036768845e-32	4.310276043126381e-33	4.5518941227417154e-33	7.187686985387657e-33	3.4369807973419233e-34	1.772953740517654e-38	3.208815505840583e-44	5.237091739847971e-49	1.2202995544716608e-53	2.6354078242848024e-58	1.3899275685489676e-68	6.569121044168002e-79	4.688658688490046e-85	5.569582950761391e-84	5.848113888957689e-76	6.573327608933642e-88	8.219475920794773e-129	6.991214997085147e-100	3.009658645928415e-101	4.515981468117684e-81	5.007930709128274e-96	4.0769064117852006e-142	6.15837143283054e-104	3.124949603573828e-120	6.246727139636997e-88	5.231795620121697e-101	6.500559989687296e-141	1.4963413992400974e-103	1.8056124613949877e-124	4.140354978320486e-91	4.051587903396599e-102	3.5722822935081926e-134
2.6865222383582207e-44	1.4796521982828642e-42	1.466190112909958e-44	2.3362720669807452e-46	4.136371866704223e-46	6.507825008474193e-45	8.718894655949934e-44	3.861522201415655e-43	1.9001660712658528e-42	3.234276998132249e-41	1.260902260628117e-39	2.466408775399445e-38	5.940464430686233e-38	5.436199747783162e-38	5.950856552839136e-38	1.40366855197657e-37	7.959282730534945e-37	1.1774305109255156e-36	3.1778509643335755e-37	4.4252212668514425e-38	9.449194879949625e-39	6.647248069659513e-38	3.721388363950392e-36	2.676944260808937e-35	2.271184247614096e-38	4.107539190886446e-45	3.318808440327241e-50	2.1380074986483803e-54	4.525025995746076e-56	1.606917943986082e-65	2.4049238767961678e-80	4.987351676445229e-83	1.064384318494464e-81	4.2031247798878034e-72	3.933956613844673e-84	2.1587883509462184e-130	1.894440056497195e-97	3.110502996089155e-100	2.0402809529761094e-80	9.071717914472862e-94	1.7575267105182844e-140	4.2662592326758317e-101	3.2399473979000224e-111	6.291183069489063e-97	2.722411652808369e-100	4.377327064953731e-140	4.922078401523875e-103	6.195081260426421e-114	8.23266768448368e-102	1.0463487705633046e-101	5.900511174720277e-132
4.594793329406531e-52	1.0590535806283131e-48	1.629942809747502e-48	9.858061307588009e-51	1.5930923845369395e-51	5.3109132894674255e-51	8.608269020036365e-50	1.1153366372872557e-48	4.539196013503938e-48	1.842171333260147e-47	3.806543435743809e-46	1.2697117658853296e-44	4.0270267976521723e-44	1.8919022332680951e-44	9.024258132163894e-45	1.8502548917444902e-44	9.962944019316663e-44	1.0316406619298756e-43	7.340865180991102e-45	3.727754663506447e-46	1.1525264157986608e-46	1.2765647988714798e-45	1.0470583724309022e-43	3.4141287885712195e-42	6.756547609351625e-44	1.5296714120900785e-49	1.4226603687144666e-54	2.549722911729092e-59	2.7710393795132135e-61	8.942301803549957e-68	2.2945234455059596e-84	1.5254116244432615e-91	3.9703321285536315e-87	9.712384338691392e-75	1.0982469437009534e-84	1.004476012633671e-134	6.50971237360678e-98	4.203118442303647e-102	7.910149536995001e-81	3.7594342650741934e-95	8.772994265429496e-145	6.524637666531649e-101	2.917236779426399e-110	1.1882181824461578e-89	1.3457799553910984e-108	1.894953831174015e-131	1.8227526755631597e-102	4.119750752552772e-115	1.7272533106996922e-91	7.777012021613935e-110	2.9566885468781996e-135
1.8559140639618987e-60	4.376540913154289e-58	2.6921372984594896e-56	2.622463813103735e-56	6.537557987612539e-57	5.599873398766901e-57	2.737682548364574e-56	4.2059455987249936e-55	3.981215416606551e-54	1.0859470041087582e-53	3.8534473043838827e-53	4.483621766205012e-52	2.439448659259598e-51	1.7133359115077685e-51	4.954756476513819e-52	3.967564299097132e-52	1.371505087136462e-51	1.1870177471388108e-51	5.747251928630083e-53	1.282299369391533e-54	2.4552678519490687e-55	2.156355933519654e-54	8.168847008309378e-53	5.251939598889745e-52	3.799186260636458e-53	5.97149119147393e-56	1.2884785447476532e-59	1.6656514886638267e-64	1.071740637682854e-70	1.9572236031656666e-79	1.595374294513458e-88	1.825895192339468e-95	7.715145849168183e-99	4.6135213795738035e-91	2.258366653870228e-97	1.8979800621988373e-139	8.652036283777266e-106	7.418639131032088e-118	3.684174184926786e-98	5.398392517107035e-105	2.3242671018004976e-152	1.156508243041815e-108	1.4095077448676566e-117	3.952411070560111e-102	2.0119365751376418e-109	1.5601437330590966e-161	2.1093725200472512e-108	6.0035814773831445e-127	1.2960288436673413e-103	2.0576861969027286e-111	2.0281127042695596e-126
7.907929131154378e-67	2.0017524615098796e-65	2.470018963448035e-63	6.939946742188976e-62	7.892580500047094e-62	4.4999568376066725e-62	5.721399439649151e-62	3.25872392487493e-61	5.364867489656666e-60	3.0958712466691894e-59	4.8606903228196045e-59	8.98484167184894e-59	2.7493139094353324e-58	3.8295678162122635e-58	1.4036315582365487e-58	7.953977389852488e-59	2.849357970606124e-58	4.8116990431679915e-58	1.309822446752091e-59	6.890185940887097e-62	4.4511196057493135e-63	2.9865719832854846e-62	1.6944260171889364e-60	1.5538410198574405e-59	2.0278482547402327e-60	8.24555894236952e-62	4.129368192532949e-61	3.447255841425908e-65	9.924026017684252e-70	8.026680246918933e-82	5.465120701255347e-91	2.4392666512420476e-79	2.0136775390493958e-89	3.422372169091652e-82	3.164273797167056e-91	2.9467295349082333e-142	4.361582691504886e-93	5.434827458913504e-107	1.6174464947327112e-88	1.8285617657740142e-99	1.1884642409791639e-134	1.5470335859057025e-98	4.859177826049963e-111	1.9400294532384706e-90	4.4347925956722355e-102	3.4242753089775983e-129	9.203585436385446e-108	8.788921654470832e-120	6.924915440551199e-95	9.179639249221925e-105	7.899571953439182e-129
1.6335210797948568e-67	4.955265301371075e-71	2.1760083667801448e-70	2.6906801403153167e-68	1.3144261287034191e-64	2.793357489673539e-64	3.8959507771107594e-67	4.759693757888534e-67	2.5290115741087205e-66	4.432307683684305e-65	3.324530573203629e-64	1.4022603567545813e-64	4.354549147702493e-65	3.713076959042401e-65	4.45618494926256e-65	1.0497795903634406e-64	5.804910150288044e-63	7.661893020305909e-63	1.420662577292823e-64	3.727705827166643e-68	3.02585123805028e-70	1.8121446416032078e-69	1.8558938410559954e-67	9.199139399581794e-66	1.0081711384390047e-66	3.5635301064989282e-68	6.766881540300908e-66	4.324562314553055e-64	8.636880331688189e-64	3.031004502753383e-77	9.139627661347015e-93	6.006825277844089e-93	4.917337381005931e-88	3.2286434732250693e-81	2.91340907533825e-93	3.653015122800345e-145	4.249810663805277e-106	3.830348007940135e-106	4.2493401776464904e-89	1.5046647705548585e-101	6.098171607398444e-156	3.294689188167164e-107	3.6972986693463784e-115	3.2259682283396256e-94	1.0846760200034312e-106	2.2438204112576905e-127	9.668791472649544e-109	8.557129406009965e-129	4.148656614975601e-100	6.295265569560352e-110	7.50425196506139e-128
3.513498845699972e-62	8.169510137479795e-61	2.927035625985952e-67	2.9426874011392247e-74	3.66407172384538e-65	1.1646619846886916e-59	2.1716072139197397e-59	4.648069438908752e-64	1.7478310661271358e-72	6.086585259776662e-69	5.421557788926156e-63	2.3409866871129465e-59	1.2485076696541392e-62	1.3090980023226652e-70	6.87273114984653e-67	1.3911947079894672e-63	8.452878486124669e-60	2.5646746128372596e-60	9.666041796762277e-65	2.312061240640424e-68	3.923392661398891e-74	2.2099170225737333e-68	2.512377909127242e-66	3.384800909039849e-66	9.110153140856077e-65	3.1550569862981695e-72	5.710969247860998e-69	1.0622849172369793e-61	1.5366767488358305e-56	2.5045234569487046e-65	1.1445548713771631e-91	4.41983782203313e-90	4.067146128502252e-84	9.493377440139665e-72	6.962415861163958e-84	7.242692561298572e-146	3.0654166617786816e-103	1.5861155211616949e-100	2.02333086835532e-79	1.211565582063333e-93	6.068775219620443e-151	3.678975155465159e-104	2.6616153100515827e-111	5.940556188374173e-88	4.240063625284576e-99	8.066722254241402e-133	2.4644785864044024e-106	3.61572373866737e-120	1.7540604548762158e-101	1.7554165974814947e-104	1.4990795844491293e-135
3.4546547901450897e-74	5.77207267128259e-69	2.7154205295966694e-70	3.2865378989295744e-83	3.295490616931897e-82	1.7622893062279534e-80	1.5867016410852517e-67	5.271680381435748e-70	1.1097016607671943e-78	3.1573332592397326e-79	4.032228551805594e-79	5.28503978385579e-68	8.844758079126835e-69	1.5313184303530563e-73	2.399489272904538e-82	2.632240237932109e-75	3.2786731119371397e-69	9.542061590432672e-68	2.8171596390202213e-70	7.037195918403523e-79	3.437191845369245e-85	4.381840453765551e-77	6.05277265585061e-75	8.286078807889448e-72	6.408276754255906e-74	1.7229200478166886e-82	9.171246317125489e-81	2.7665017720492067e-74	2.9382009023468296e-63	3.1835347277794604e-66	3.136835918426251e-95	3.166576296482095e-96	3.075353375991545e-93	1.3889425048491356e-76	4.698325180619005e-82	2.1084945714198055e-152	5.0952333785823474e-105	8.784783396459952e-107	5.442670860872178e-84	8.40043253479101e-93	1.5818355576683973e-136	7.574988148575655e-106	2.2845532537348735e-114	1.5721811088740776e-90	9.607860869006412e-102	4.507906482663081e-130	4.803713024266668e-106	2.224144221230142e-121	2.0711529639889585e-97	1.378954167394554e-111	7.582249395742697e-131
2.237425181972043e-93	1.0099781470994091e-91	1.7282975737953018e-89	2.9785367939740948e-89	8.411463289516314e-89	1.1174622548362893e-87	5.399070008101977e-86	1.347930646256242e-84	2.5593829904521077e-84	3.29242871948103e-85	3.59078021914512e-86	1.246338266073429e-86	3.572511370098049e-87	1.0805795353926107e-88	7.699247559957201e-91	3.177301111456267e-92	1.1383439618034454e-91	1.5903458913017935e-90	1.364480760033465e-92	4.955759980734403e-96	5.0467991296366466e-98	5.0468822850704664e-98	4.2564711328341955e-97	8.790311648753583e-97	1.9044601959815934e-98	2.9639631687709373e-99	1.8504875620085663e-98	4.1193315579633605e-97	1.5546506750101664e-95	1.649216200078667e-98	5.1156967179482134e-102	2.0470412913666785e-103	3.037063682919982e-111	1.2562503673766176e-113	7.356724346659381e-118	1.5904054087395996e-154	3.7325468327373333e-122	7.105775696482519e-135	8.909269826326147e-121	1.1517636495125931e-125	6.431895941886402e-171	5.405756008109261e-125	3.364213832158307e-126	5.6131881462489736e-124	3.947608941199646e-127	2.8580252344950693e-130	1.0339946808224614e-123	4.227655834601458e-142	1.668937409706453e-125	2.913449766823461e-127	7.108386195852993e-132
1.9989274828820567e-89	6.043303140039724e-96	2.9972826253144257e-83	3.375412093893258e-80	3.124320314611326e-81	1.4129272291669186e-92	9.237798803014847e-92	9.916969773635592e-83	1.4277334396076122e-80	2.6283769280075154e-81	5.118125020139649e-83	9.184790685695429e-92	4.623142085984862e-93	1.0925771605424957e-84	4.702729190365677e-86	2.2307020760940746e-88	1.3222099554063343e-88	7.675860938193172e-86	5.094310278692944e-84	1.0378293848657652e-87	1.4634296977750984e-99	1.2710850843483337e-88	3.8364307180694696e-89	9.464741715900014e-88	1.8700419104751653e-89	9.753333088562719e-93	9.679713748887424e-86	1.2916364147401965e-91	1.2162674355355819e-90	7.191469101252709e-98	1.0176399104458667e-101	6.190507557354604e-79	1.3846812081828362e-93	1.9514846660376822e-95	8.902056498555957e-103	1.9792892731140626e-154	2.288256303302359e-93	6.80259009820102e-114	3.895190593992221e-99	2.274926736553589e-108	1.1305319370316987e-136	6.84369979443642e-100	2.843700379988547e-119	3.5180008185827185e-101	4.7012008490314816e-110	1.188839862513485e-131	2.395196589540478e-103	7.917107780035737e-126	1.3325471154283945e-102	2.113091523816893e-111	4.385738201912029e-132
3.1435698022112187e-83	2.2549174916966693e-86	1.559520243009377e-96	9.878455259973737e-88	3.1524406563047903e-82	4.2872013026207415e-83	3.5542398889830086e-87	1.2292436965660294e-94	7.687727550785672e-86	1.5108296656613952e-82	1.5245650915671604e-84	2.9743240491093232e-84	8.428911039964971e-94	3.0761245083256637e-93	4.1600012751473475e-88	3.662001458389919e-88	6.052696616531674e-85	1.1777379467305143e-92	4.280032009634799e-90	2.932991560632562e-91	2.7986367462307263e-100	5.472107383750317e-92	3.4430414855413715e-96	9.130997468706328e-91	1.161020136006726e-92	6.273797430909329e-101	1.7621892799306274e-93	2.2985780177515858e-92	3.4919175901216354e-86	1.4625390414858476e-95	2.8846853994348746e-108	3.6907864849092925e-96	2.6179099168798623e-86	7.758368638248324e-85	9.394112990145667e-101	7.805911244460317e-155	9.586265369734663e-113	5.421001985623542e-110	5.616910630240288e-96	1.4636073345307988e-110	2.7275427699286665e-171	1.9740833934036142e-113	1.8001146826432449e-118	8.628268198524356e-104	7.481424374162759e-116	3.055421542140749e-134	3.622405355641958e-117	3.257460788290307e-127	3.886795912595646e-106	2.5180901342042178e-118	1.2396709969519197e-134
3.9391610737495125e-74	1.3346448614948814e-72	8.124931520376786e-80	1.8990841200835836e-94	9.911513907187907e-78	1.3403715840954453e-73	9.192907451678796e-73	5.97808251230286e-79	1.2896808798955024e-88	2.5969244382192712e-75	5.99492090958857e-76	1.1248398599389451e-72	8.756660670382896e-76	3.0384860209825344e-86	1.805831108736744e-83	3.8495821910058565e-79	1.214091169227863e-72	1.2717883753016965e-74	4.777355753108904e-85	5.254561452621386e-83	2.953768745180088e-91	1.1437669663937303e-79	1.4352492825217915e-82	7.928972677768339e-83	1.4813357891192553e-80	9.469630141995698e-91	1.33400126020353e-83	5.0643748393303465e-81	5.03441297708743e-77	2.6053706406521914e-80	5.991629519164332e-111	2.7068695766583893e-96	2.6381661746845733e-84	1.987443411742656e-70	1.0508937077441885e-81	2.9345988322954073e-155	5.4331871847632154e-107	9.450954890844014e-103	6.028339114087266e-80	4.7354720413390084e-94	1.2501766377780298e-138	1.241150290006433e-108	2.0304493873555057e-111	7.887416925678753e-87	4.102914554606664e-99	1.3526443324436756e-132	3.7225364517572335e-108	7.312715291046226e-121	1.2453909685714334e-94	8.055887728533815e-105	4.556438092925725e-133
2.683314090703807e-85	3.688924835610328e-82	3.856151937307705e-85	4.004411313497759e-90	1.0617373125088189e-100	8.615373387349572e-84	1.1110197651423623e-81	2.8955003193810082e-83	1.1231430402706694e-88	5.997949554781816e-95	8.611282479006917e-86	5.350594026922428e-82	1.369930582273458e-83	1.9574885586628733e-88	2.2567717016323898e-95	3.717273068021643e-93	1.0093564674203222e-82	1.0727093905337858e-82	8.978536702173685e-86	7.650262639694859e-97	2.011836698058787e-100	1.2370391672973686e-86	1.3588390751838945e-89	1.2916900359514027e-86	7.206118864986254e-90	5.95280584522769e-97	3.014476401983134e-91	7.288719945980029e-90	2.3991131295421078e-83	6.111089815591412e-87	2.3093734008254716e-115	2.292686478178607e-102	1.773623710705571e-98	3.726431437850244e-77	6.01778181691624e-79	5.930551179760345e-159	4.7856382808316574e-111	2.0925408609460744e-110	2.6704054771670967e-86	5.71393874396534e-91	7.80902916735483e-138	1.5489532399059912e-111	2.169982668796877e-116	3.160391058166331e-93	1.7738147293139691e-99	4.540779539826294e-131	1.842897222928585e-110	3.540048099408178e-124	5.949823200100451e-99	2.0953346310855706e-107	1.647138055158574e-131
1.4544298605355261e-133	1.0299600100231271e-129	3.5286509330566443e-127	5.223331470912225e-128	4.238319057450006e-130	4.28614581479569e-130	3.422260540165629e-128	8.802130636300965e-126	2.1514389129251503e-125	1.1916222795768051e-126	7.92984093699053e-127	2.2021095738699875e-125	3.938853978745849e-124	2.905770999568411e-125	1.2527996869057527e-128	1.0836896044362957e-131	1.0606144691527659e-131	9.03349776352091e-130	8.622437866174972e-132	3.1671489064458025e-139	2.074635581111427e-143	2.672988485043505e-143	7.2258929428421e-140	1.3470071302649263e-137	2.2801100033418553e-140	1.6522002789050862e-143	8.26381940925164e-143	5.2803208493295e-142	2.470725686999269e-138	1.2244630325229337e-140	3.2421896602548964e-147	2.5632257927214454e-145	7.187559649998589e-146	9.778332777487471e-147	2.2895106913401196e-151	5.44682537790322e-173	9.03800447184604e-141	1.4062959683119642e-171	1.0003033391763581e-156	3.79126803490523e-142	1.4049499850179183e-193	3.1880432552560255e-141	7.07682958191315e-139	6.066850419340729e-142	5.847993846315642e-142	6.103644078753322e-141	9.433246735618919e-138	2.734400708016701e-155	4.003758011864231e-142	1.485771324672003e-141	9.591491159303136e-144
2.6065827463420325e-97	5.714033190090568e-107	1.7669919471544285e-98	7.705506267924521e-97	1.0866476597810063e-96	4.202306302042237e-97	1.2902451395779615e-108	8.882811257258881e-95	7.975249064312e-96	4.5579890287124135e-97	7.263988826574323e-97	8.301958116587354e-105	4.024214459508564e-95	5.328505597786997e-96	8.398645557731914e-99	6.323805575362217e-96	1.1118389475751891e-98	6.582283074730187e-100	2.459976494895219e-96	1.172116059881907e-97	7.792354293809145e-112	1.1136171331626728e-98	1.0848995385044871e-101	1.7487197893414339e-97	2.1812339243649603e-97	5.369909795576253e-107	2.1218839087169176e-97	3.1296302490914422e-105	9.053827205946837e-102	2.3914822913554966e-105	9.970484310734748e-124	7.573553133056548e-95	3.060167691750946e-111	6.4139507975913205e-106	4.4431546394060826e-111	2.6978111273524704e-164	8.175101300571908e-90	4.9570481365988336e-120	6.946734239302978e-108	7.172163272706735e-115	1.943607467953916e-138	7.1118062344277494e-99	2.0115562260760394e-124	9.26474905003357e-109	1.5872496302515846e-116	8.209734677101816e-133	1.5728191861867082e-103	2.597350058597741e-131	1.1852081748735117e-108	2.4049187318260346e-116	1.6094477174250757e-133
7.414881472993031e-94	1.36432347853342e-93	2.1366447225336743e-105	1.3891093333691858e-97	9.62010114818105e-94	1.642014126437925e-92	3.118059730029062e-94	1.1891967591980347e-106	1.0731600501975546e-95	2.450403172485394e-91	2.943780410906212e-94	3.2830450543820337e-94	2.1603112520467704e-101	8.705896588542123e-95	5.292234766009955e-94	3.7200607664009537e-96	6.158341960880996e-92	9.28143008837315e-98	1.336537625952371e-100	1.0638132116359855e-98	2.395312795373902e-110	1.325722625594394e-97	2.5368068513859302e-104	4.825079577216619e-99	6.031960127308322e-98	3.363342307525186e-110	1.2806200866710354e-104	9.145127422247528e-102	2.6671500341367757e-97	6.606469582748689e-103	2.2624583683079345e-133	2.4993847473988586e-108	9.492986748313936e-106	2.08067888592704e-95	1.5822283741013304e-104	1.5294923871964938e-174	2.246223119141287e-117	5.261438977094711e-100	1.3958409305095964e-90	1.3575673774481344e-106	5.930743744608936e-175	3.090483431737968e-119	6.907178147750282e-115	2.678751666503972e-102	1.1026844635375008e-113	8.556319277878416e-134	6.597077290124472e-118	1.8675368865746774e-126	5.727491422117502e-108	8.92653377707578e-118	3.8255890426397494e-134
3.447975934047713e-78	1.5874431742427473e-75	4.483371429314605e-81	1.0615993096256826e-90	2.0702063414768873e-80	2.7182287319505788e-76	6.606145967811527e-75	9.227867201991121e-83	4.947024304453068e-92	2.12249486677973e-77	4.149936555166898e-78	1.5852827647793622e-75	8.859315583298886e-81	3.2536611884230864e-91	1.3825473158721016e-80	1.9416096417664322e-81	2.9116616362377334e-77	1.095274175764388e-76	3.4552137877465313e-87	4.243762721396875e-88	1.3937317982410526e-94	3.255089259392746e-81	6.822929330981591e-85	3.365014804005996e-89	1.8060171916520633e-83	6.97001552539164e-94	1.032663372600651e-87	7.308160301035848e-88	2.0737574344196937e-83	1.0333031519227351e-86	2.7515377768477644e-118	2.75956335249694e-97	1.156383145893153e-93	8.894061546476189e-82	5.506739982770379e-87	1.2377072036541572e-164	5.339992844763258e-108	2.232619280917817e-95	4.0423713016918216e-73	1.756129958054038e-87	6.502260052969711e-162	2.345000270460119e-110	6.973014273968773e-110	7.578214896551856e-84	1.0510192072221523e-97	3.323599020581368e-133	7.934953153869566e-110	1.6927574380021693e-117	2.898536550928833e-90	1.9131834564599588e-102	1.5375724366551156e-133
7.220957840157386e-93	7.552653075447929e-89	3.656383793473019e-91	1.8204536005285314e-94	5.485329123006303e-103	9.524211284764121e-91	4.0220025013047613e-88	2.470684999616535e-90	1.0017126199331515e-96	1.450599844789396e-102	1.1571585601742793e-93	1.898476000033282e-89	5.24179454963106e-91	2.934278567305821e-99	3.2412006847092456e-101	4.222953540669998e-96	8.07628899428201e-91	6.700530677047798e-90	4.1389265824841216e-94	2.9860449064217464e-101	2.620967015123517e-109	1.3785842633464507e-91	2.8173035072177273e-95	5.72559800589182e-94	1.660788080893934e-100	1.4424382571089039e-102	4.48646816710662e-97	2.646066142013737e-97	8.18834023139029e-93	6.952468006102324e-96	1.3081017569355626e-125	1.5240861542489969e-105	1.0063726069696763e-106	1.097412183084615e-90	4.836769850488717e-94	3.644049508477036e-173	1.766312452941532e-113	8.524158665128273e-111	6.100928983526651e-85	2.3854394485982744e-86	2.778766944803593e-138	9.799893305753365e-116	8.519231441823126e-118	1.0013009074900562e-94	5.657852596203937e-96	6.857163886493387e-132	7.082592981530233e-114	8.449451210664572e-126	4.62688103312533e-99	3.053471509970507e-104	2.406558834616484e-131
1.0183798985409989e-189	4.293426678141905e-133	2.350694617587266e-131	3.721873325762672e-135	1.1995196364126468e-131	3.2754460369947556e-162	1.3323419984890044e-156	5.5676015844404576e-152	1.646418603298297e-151	1.3468824655536991e-154	5.875910183191826e-156	2.993138726608292e-153	4.629671732475097e-152	5.8424661404199215e-155	1.0537068925400974e-159	1.3408835347142206e-159	1.7288756124409108e-153	1.0488308460671214e-150	1.3137281154355124e-153	4.2100216517177685e-162	2.7725223481906897e-171	4.068862310787506e-134	1.0656844016982156e-130	2.2946393350281947e-135	2.5951651462785357e-134	2.649466596220469e-177	1.0584649854301907e-131	8.719104883278815e-130	6.5577951835775965e-136	1.7262854040231718e-133	1.003141221067865e-188	2.5997297749567427e-134	8.44871530798924e-135	1.605091585086363e-135	1.0539908965974131e-134	1.776986791914457e-215	8.428834701583907e-135	1.3325134437074087e-141	6.019310480283754e-136	3.1959188748568286e-135	6.881989301367133e-118	1.5983813715257677e-134	5.962971154340482e-194	8.700090857079197e-136	2.477102442020147e-136	5.322731030748612e-128	1.1208095901797566e-131	5.159752891613195e-149	5.958562420639047e-136	1.093550729206952e-135	1.0877931787508282e-133
7.311662686474201e-98	5.152411271319836e-134	2.3205512471217515e-102	2.944100025882706e-98	7.74456052797188e-96	3.06485982652243e-97	6.400085778994602e-107	1.2019186462398103e-96	7.082443194234383e-97	1.1620665457049075e-96	1.4655566267618437e-95	9.796256096434177e-109	1.1157140374160154e-97	1.0256807438923552e-97	6.518287304340633e-100	7.14604983745477e-99	4.201708879203399e-107	2.19107237856538e-95	6.886713575628537e-97	2.9705006597445427e-98	1.0234440099457448e-110	1.366562794513384e-100	1.2038095869379238e-106	6.834870416270822e-100	2.0809221952514136e-98	5.752178395378869e-106	1.5716019288860285e-101	6.551867811011093e-103	4.2337649862819346e-101	1.5137759543577698e-103	1.7814442787906291e-128	4.3492567610825635e-101	1.0168688959626606e-110	1.5410798424301352e-105	1.3057077509598233e-109	2.129011488287406e-153	4.10339625006023e-101	9.423517123868183e-122	2.971481882149766e-108	9.401525610083112e-115	1.82593764114526e-135	1.6331025652610994e-90	7.954301406163585e-122	1.3920118258914819e-109	1.2928262687916553e-116	4.417075190781046e-130	1.3043045402621617e-97	2.1138164507065135e-131	2.6523970456738957e-110	8.499374872649017e-117	1.088032521051477e-130
4.189579477354768e-105	2.8667586708795555e-108	2.4999640949153685e-133	9.625531079181076e-113	4.743672476835382e-106	3.028009444241689e-104	2.615309695228848e-105	7.874103277705196e-114	9.315071588503154e-109	2.421635602438557e-104	1.438465245475702e-106	4.761197034748984e-106	1.1339247738650817e-117	1.0774997913405895e-108	8.394700251273582e-107	4.4826707739466085e-109	5.886645764582727e-108	1.225789137093643e-112	5.514795503796375e-108	4.382969208697347e-108	1.4964122704267124e-121	5.53847910667625e-107	2.1655484457284312e-116	1.955833161602273e-114	2.5440464274080604e-108	3.791137198840068e-115	5.669957528268771e-111	4.656586153159408e-113	3.27363406277418e-111	1.8404227412126967e-112	1.7325447578960269e-128	1.581310985779585e-117	9.185877066831042e-119	1.559570596939721e-109	1.0890542319698448e-113	3.6236586381293493e-152	4.348116034419769e-121	1.167687902037142e-120	9.530597257745889e-108	4.1867917476036026e-116	8.430749098831509e-182	4.81301654342424e-121	7.295935429365363e-104	1.6278659492241107e-102	2.4154186966419763e-117	4.39443971448136e-129	3.1638529242372877e-119	2.816243373637909e-120	6.776743732476743e-112	4.919922163915228e-121	1.743042384224041e-129
1.3555734117831966e-84	2.5557844736272197e-84	1.608000880853071e-92	9.819155977705852e-129	1.0183806362616438e-87	3.276352013824973e-82	5.087252721780486e-81	2.3362365329805223e-86	1.7241826409701246e-96	1.2304116898099824e-85	5.316447396200812e-85	2.982033359375611e-81	2.087629361026945e-87	4.461936485297283e-99	5.94873236440346e-89	1.3379461965267717e-87	6.559713839880729e-83	2.888222359033865e-85	2.220627886451882e-97	2.9014626056270928e-89	2.434198644888764e-100	9.206632986483185e-87	1.639207558407247e-90	2.1171093779187947e-96	2.792470639286419e-90	8.605484134383983e-99	3.512038651570216e-91	8.727345047609494e-94	2.834988054389243e-93	2.5495782387855575e-93	7.31218155288059e-124	1.1996673877874872e-100	2.542844006444451e-105	7.663736876464632e-90	1.1904581172228394e-95	1.3552123109858703e-168	1.538400711848501e-108	4.019395631807497e-110	6.509289766032783e-89	1.7500009593147176e-98	3.3540870020179107e-139	1.8727528919077973e-111	1.631102057205075e-105	2.49603497542826e-78	2.5971448708820087e-94	3.081251556424895e-133	6.887329073541181e-112	3.0755840368956e-118	9.247493298283395e-89	4.0298529474016914e-102	1.1952064619915621e-133
9.407741608543754e-103	9.679321391845735e-98	5.55974084658011e-100	3.5117837142741636e-105	1.1797524973076823e-134	6.003937719132178e-98	2.3699694234628714e-94	3.0518746709566966e-96	1.8717301905022193e-101	1.1712604720797622e-109	1.0512715847688338e-100	1.5531906910040817e-95	3.8106838964698583e-98	7.668122160377058e-107	2.714162247981731e-109	2.8675250007946462e-102	1.355219140254562e-97	5.003445327143136e-97	4.0153162418550436e-103	2.2319297354165248e-107	3.9086068486458035e-114	8.006236471471258e-100	1.901816478098423e-102	6.02520559021961e-101	2.2643225305286888e-105	1.7954145407645077e-109	2.6912897909509987e-103	1.0407190237279473e-104	1.8468675831829842e-100	5.584516222108186e-108	2.878769025512393e-130	1.0106081713534881e-109	9.270950707641956e-116	2.1212586627733187e-100	2.255032078112481e-103	3.48661683044711e-155	9.669999086077584e-116	2.046754399572976e-120	8.795303433248058e-100	1.1213959690832254e-101	1.463874374989994e-138	5.938516527881731e-118	2.2776868597758095e-120	2.1980235742123436e-95	1.0713279702731566e-91	2.7706078296188952e-132	2.4970883712789748e-117	1.1485750083899333e-129	1.0248479520673822e-102	1.7341366264774356e-101	2.617935782254735e-132
2.3237713317101644e-195	6.986906094079075e-130	4.4335445367740017e-128	5.783164809430707e-132	2.540510119932426e-128	5.82173289032715e-180	1.0153428590173178e-127	1.4949487116017383e-124	1.1429109288881691e-131	1.0094535697251556e-129	1.1566144999774236e-128	7.006779762602202e-130	9.886106825494358e-129	1.7523392555975245e-132	3.0491241325003926e-129	7.331724979860332e-123	8.195114782817723e-129	7.591507132475494e-127	1.840491008994412e-132	6.424954099563298e-131	1.1621801206132112e-131	3.026993054623154e-128	2.1959592169526174e-127	3.6148645896767385e-132	2.647985087802794e-131	5.1974756168261016e-123	1.6912609241742563e-129	1.5311172564517272e-126	1.0839356235956744e-132	5.3744693757162655e-130	1.2166111420636772e-132	5.834669427212138e-132	1.0935056741655112e-131	2.970101627000375e-132	1.2547262466085425e-130	5.318459251601969e-160	1.2828102882802196e-131	2.2816859081657092e-138	1.0592225205655809e-132	1.2544101321116278e-131	7.100456817052672e-133	2.9321598757285013e-131	1.0089984896611597e-129	1.464780776962536e-132	8.478808891718347e-133	1.7631777521552832e-112	1.5469178304961926e-127	9.773486255757278e-146	9.188311700897476e-133	7.107243030282736e-133	2.6414467311791465e-125
1.1569494466613553e-101	1.6853345320631273e-134	1.849610025596633e-108	3.3687533909994547e-103	1.4206177817270423e-100	8.618034444123011e-101	1.7158702406202952e-131	4.527159289501346e-104	6.762879817142349e-103	3.709697333593172e-101	3.5656687282350596e-100	5.382891374407949e-113	2.4834968536734135e-105	1.854515817575829e-104	1.2647474165478623e-104	1.362913086023094e-101	6.802380284627002e-114	7.08617884279936e-103	3.852871896052875e-104	8.650167840702742e-105	2.2387077032187408e-114	6.180873609377308e-110	2.295211415336378e-105	6.054153793230826e-104	1.776316586578689e-103	7.914818540570088e-108	5.0314571512738504e-107	1.9506950018325206e-109	1.4500976430570088e-106	5.136691356400936e-107	1.049428836255335e-127	1.7400028967355438e-107	2.3933764534995522e-116	1.7838568156906888e-107	2.865217057060314e-110	2.025410726373574e-152	9.198478479885444e-106	1.1431329444341492e-123	2.982690550380832e-110	5.579757179953063e-115	3.6363332924366375e-134	1.347463105478246e-102	6.03129235336807e-122	1.7505453199181515e-112	3.459951848566551e-118	1.4949289407059747e-128	9.366700104175237e-93	2.1150891232265755e-131	3.992284637878246e-113	2.1477971063598445e-118	2.0126860137505812e-129
3.7055437591822857e-115	2.6124855726792255e-116	2.33225368788543e-145	7.03581141149591e-129	2.979945603019926e-117	5.317675777389209e-116	1.8248331237552207e-117	3.9170601528189956e-146	7.66269356273486e-124	9.625635088681832e-116	9.300973690187565e-117	7.369023283572374e-118	4.5869530624970056e-129	1.9898963834852394e-122	6.077941659397061e-118	1.0406440452416021e-119	1.4318505666550212e-118	1.3843051279434331e-126	1.815256354750212e-121	1.0544298008547444e-120	2.79503049489423e-133	3.796331909982678e-120	7.827904175293012e-131	6.7531150945342005e-121	2.841498997824303e-119	5.722238391526319e-127	1.1681931755121636e-121	1.1952104886401424e-125	1.953780819309539e-126	4.4841072072821066e-124	2.7513268703729145e-144	1.730052306872007e-127	9.677163458208446e-133	1.7179561213885858e-123	1.2160406660492334e-125	3.1456338059691836e-168	3.865095646902914e-133	3.028267129821805e-138	2.0245969994593445e-121	9.288586381734499e-129	5.904365615473312e-151	6.626828007500596e-135	3.446016443394007e-125	3.473059150638054e-120	6.192427807213603e-131	1.5018765179650997e-184	4.6205682013145966e-132	7.979665135329487e-114	4.315985305286307e-114	1.3993441630118181e-130	1.9730580484644093e-145
1.4150032907448992e-88	3.7222313924481715e-87	6.275008879765879e-97	5.613608655810403e-138	2.6966241586183493e-99	3.273539378087512e-89	4.517474192533717e-87	2.8221630737783337e-93	5.518789898556155e-131	5.266917694979258e-93	2.661695369250299e-89	5.428916682864554e-87	1.5176097412104265e-92	4.784659912258782e-105	5.383803947156573e-94	2.2168566409919817e-93	1.8120263597324842e-89	3.4841397437287873e-90	1.3487935508747656e-104	1.65216147556689e-96	3.355707515355925e-107	2.3537707331411005e-92	5.668021004042845e-95	4.488893997085955e-105	2.560019232246244e-94	1.2583012057750363e-102	7.495754119841636e-96	9.607379639929866e-98	2.926794333041402e-100	7.268670101624528e-101	2.8520489951795237e-127	1.025254081813441e-102	6.366269119914745e-108	1.672483571433389e-99	3.358378246020467e-101	2.1393151224547186e-156	4.3074981728656697e-110	1.1894049318631557e-116	1.6724444268989664e-96	9.265193316294386e-104	3.56057743557926e-139	3.2258457319887265e-113	1.2210849330121144e-115	3.3703777430338553e-95	1.3326788701025037e-104	3.0370257561736343e-133	4.8108304491205e-113	5.225924977721944e-112	2.374042100324742e-83	5.481354373837887e-99	1.090513056260936e-133
2.514622053503752e-104	1.7114804654848848e-101	6.249509997447907e-104	1.8155952392970812e-108	5.011586903178086e-136	3.413734932677276e-107	6.006282625669543e-101	2.745032279095385e-101	8.036278280908014e-108	2.699907302417895e-138	2.323556712716155e-104	8.832110303634076e-101	3.3863630739008556e-103	4.0193395784833267e-109	2.2883670776817786e-118	3.403880495827166e-107	1.5740372770049653e-103	1.6159146833594737e-103	1.62037349109604e-110	7.141829382960981e-114	2.3063023916725554e-120	6.241578223158781e-105	4.4541986958121454e-107	2.083848665831965e-108	4.6180326514060355e-110	2.31544240057005e-113	8.048455077810376e-108	1.252961714210295e-109	1.0828307201027325e-106	1.4448674332516045e-111	1.024234034646516e-132	1.4261349780123394e-113	7.990994225480444e-120	2.933812830693439e-107	8.09078773960817e-113	5.432862431841894e-156	3.002190495357921e-118	2.8596354947697272e-126	2.574242698326688e-107	1.2625229151501712e-111	4.3699782992646755e-139	1.278640741883737e-120	5.10144826830386e-125	1.6494145734954931e-106	2.12980953710171e-108	1.7413376445210502e-133	1.4708540198982e-119	1.0806379115955758e-131	7.299082236243567e-101	2.0918871136633448e-96	8.93204335982334e-134
1.25304020585894e-128	4.2394032629547766e-131	7.5801038384857e-130	3.06870760926528e-137	4.32150985699755e-130	1.097392532879817e-136	3.744302767831302e-130	2.1317730275779056e-126	2.0661053016407667e-135	3.06546252816326e-131	1.1560012535143121e-136	8.390643106820361e-131	2.140674789454018e-130	3.6375348359950945e-136	4.77930964402668e-131	1.6691108431628306e-129	3.5362001932750396e-132	1.1511149091811582e-128	3.6753129704815364e-134	9.771239114640416e-132	3.014750538747352e-136	6.948439958478652e-131	4.1582935380961505e-129	7.355065095579619e-134	4.947357745190866e-133	2.749315930478526e-126	1.781492168134339e-129	2.5308506110285313e-128	1.9033541658431538e-134	8.01865439162576e-132	7.554582377981934e-134	4.255596740071179e-134	2.268524356241057e-133	5.277463676182967e-134	1.4340065464817908e-132	3.463459125682996e-160	7.474535048018472e-134	5.2152713323008785e-140	2.1309198943848067e-134	1.2819393537116021e-132	3.825094058725631e-139	1.1385879702066388e-133	2.411165851809397e-131	2.8580066294406906e-134	3.8433785639565424e-134	2.2865751803185043e-128	1.3769312091792704e-130	1.572115683913461e-147	1.6632494587020614e-134	1.442539920998975e-134	1.2249922764335677e-113
